{"baseline_mean": 0.1404834031733893, "baseline_std": 0.570116304323112, "threshold": 0.48335984664071785}